raw_zone,source_category,occurrence_count,most_common_mile_in_data,berth_label,facility,facility_type,ops,Cargo group,Rule,Note,canonical_mile
Capline St James 2,Terminal,6,159.0,,Capline St James,Tank Storage,Load/Discharge,Liquid Bulk,Can never by a dry bulk cargo,Apply always,
Capline St James 1,Terminal,2,159.0,,Capline St James,Tank Storage,Load/Discharge,Liquid Bulk,Can never by a dry bulk cargo,Apply always,
IMTT St Rose 8,Terminal,864,118.0,,IMTT St Rose,Tank Storage,Load/Discharge,Liquid Bulk,Can never by a dry bulk cargo,Apply always,
IMTT St Rose 14,Terminal,687,118.0,,IMTT St Rose,Tank Storage,Load/Discharge,Liquid Bulk,Can never by a dry bulk cargo,Apply always,
IMTT St Rose 4,Terminal,1194,119.0,,IMTT St Rose,Tank Storage,Load/Discharge,Liquid Bulk,Can never by a dry bulk cargo,Apply always,
IMTT St Rose 2,Terminal,966,119.0,,IMTT St Rose,Tank Storage,Load/Discharge,Liquid Bulk,Can never by a dry bulk cargo,Apply always,
KMI Harvey 3,Terminal,87,98.0,,KMI Harvey,Tank Storage,Load/Discharge,Liquid Bulk,Can never by a dry bulk cargo,Apply always,
KMI Harvey 4,Terminal,820,99.0,,KMI Harvey,Tank Storage,Load/Discharge,Liquid Bulk,Can never by a dry bulk cargo,Apply always,
KMI Harvey 2,Terminal,871,99.0,,KMI Harvey,Tank Storage,Load/Discharge,Liquid Bulk,Can never by a dry bulk cargo,Apply always,
KMI Harvey 1,Terminal,121,99.0,,KMI Harvey,Tank Storage,Load/Discharge,Liquid Bulk,Can never by a dry bulk cargo,Apply always,
Magellan Marrero 2,Terminal,168,99.0,,Magellan Marrero,Tank Storage,Load/Discharge,Liquid Bulk,Can never by a dry bulk cargo,Apply always,
Magellan Marrero 1,Terminal,11,99.0,,Magellan Marrero,Tank Storage,Load/Discharge,Liquid Bulk,Can never by a dry bulk cargo,Apply always,
Buckeye Marrero 2,Terminal,31,99.0,,Magellan Marrero,Tank Storage,Load/Discharge,Liquid Bulk,Can never by a dry bulk cargo,Apply always,
Magellan Marrero 3,Terminal,12,100.0,,Magellan Marrero,Tank Storage,Load/Discharge,Liquid Bulk,Can never by a dry bulk cargo,Apply always,
MPLX Mt Airy 2,Terminal,193,144.0,,MPLX Mt Airy,Tank Storage,Load/Discharge,Liquid Bulk,Can never by a dry bulk cargo,Apply always,
MPLX Mt Airy 1,Terminal,66,144.0,,MPLX Mt Airy,Tank Storage,Load/Discharge,Liquid Bulk,Can never by a dry bulk cargo,Apply always,
NuStar St James 5,Terminal,21,160.0,,NuStar St James,Tank Storage,Load/Discharge,Liquid Bulk,Can never by a dry bulk cargo,Apply always,
NuStar St James 2,Terminal,169,160.0,,NuStar St James,Tank Storage,Load/Discharge,Liquid Bulk,Can never by a dry bulk cargo,Apply always,
Phillips 66 Alliance 2,Terminal,292,63.0,,P66 Alliance,Tank Storage,Load/Discharge,Liquid Bulk,Can never by a dry bulk cargo,Apply always,
Phillips 66 Alliance 1,Terminal,218,63.0,,P66 Alliance,Tank Storage,Load/Discharge,Liquid Bulk,Can never by a dry bulk cargo,Apply always,
Chevron Empire,Terminal,134,27.0,,Same as raw zone,Tank Storage,Load/Discharge,Liquid Bulk,Can never by a dry bulk cargo,Apply always,
Chevron Oak Point,Terminal,317,72.0,,Same as raw zone,Tank Storage,Load/Discharge,Liquid Bulk,Can never by a dry bulk cargo,Apply always,
IMTT Gretna,Terminal,1031,97.0,,Same as raw zone,Tank Storage,Load/Discharge,Liquid Bulk,Can never by a dry bulk cargo,Apply always,
Blackwater Harvey,Terminal,557,98.0,,Same as raw zone,Tank Storage,Load/Discharge,Liquid Bulk,Can never by a dry bulk cargo,Apply always,
Blackwater Westwego,Terminal,688,101.0,,Same as raw zone,Tank Storage,Load/Discharge,Liquid Bulk,Can never by a dry bulk cargo,Apply always,
KMI Seven Oaks,Terminal,221,102.0,,Same as raw zone,Tank Storage,Load/Discharge,Liquid Bulk,Can never by a dry bulk cargo,Apply always,
IMTT Avondale,Terminal,619,108.0,,Same as raw zone,Tank Storage,Load/Discharge,Liquid Bulk,Can never by a dry bulk cargo,Apply always,
Cargill Molasses,Terminal,479,140.0,,Same as raw zone,Tank Storage,Load/Discharge,Liquid Bulk,Can never by a dry bulk cargo,Apply always,
Pin Oak Mt Airy,Terminal,135,144.0,,Same as raw zone,Tank Storage,Load/Discharge,Liquid Bulk,Can never by a dry bulk cargo,Apply always,
Apex Mt Airy,Terminal,274,144.0,,Same as raw zone,Tank Storage,Load/Discharge,Liquid Bulk,Can never by a dry bulk cargo,Apply always,
Plains St James,Terminal,532,158.0,,Same as raw zone,Tank Storage,Load/Discharge,Liquid Bulk,Can never by a dry bulk cargo,Apply always,
Ergon St James,Terminal,110,160.0,,Same as raw zone,Tank Storage,Load/Discharge,Liquid Bulk,Can never by a dry bulk cargo,Apply always,
IMTT Geismar,Terminal,1171,184.0,,Same as raw zone,Tank Storage,Load/Discharge,Liquid Bulk,Can never by a dry bulk cargo,Apply always,
Crosstex Energy,Terminal,1466,186.0,,Same as raw zone,Tank Storage,Load/Discharge,Liquid Bulk,Can never by a dry bulk cargo,Apply always,
KMI St Gabriel,Terminal,236,198.0,,Same as raw zone,Tank Storage,Load/Discharge,Liquid Bulk,Can never by a dry bulk cargo,Apply always,
Willow Glen,Terminal,127,202.0,,Same as raw zone,Tank Storage,Load/Discharge,Liquid Bulk,Can never by a dry bulk cargo,Apply always,
LBC Sunshine,Terminal,340,204.0,,Same as raw zone,Tank Storage,Load/Discharge,Liquid Bulk,Can never by a dry bulk cargo,Apply always,
Genesis Baton Rouge,Terminal,989,229.0,,Same as raw zone,Tank Storage,Load/Discharge,Liquid Bulk,Can never by a dry bulk cargo,Apply always,
Apex Baton Rouge,Terminal,42,230.0,,Same as raw zone,Tank Storage,Load/Discharge,Liquid Bulk,Can never by a dry bulk cargo,Apply always,
Placid Oil,Terminal,30,232.0,,Same as raw zone,Tank Storage,Load/Discharge,Liquid Bulk,Can never by a dry bulk cargo,Apply always,
Stolthaven 4,Terminal,19,80.0,,Stolthaven,Tank Storage,Load/Discharge,Liquid Bulk,Can never by a dry bulk cargo,Apply always,
Stolthaven 3,Terminal,2126,80.0,,Stolthaven,Tank Storage,Load/Discharge,Liquid Bulk,Can never by a dry bulk cargo,Apply always,
Sugarland St James 2,Terminal,28,158.0,,Sugarland St James,Tank Storage,Load/Discharge,Liquid Bulk,Can never by a dry bulk cargo,Apply always,
Sugarland St James 1,Terminal,29,158.0,,Sugarland St James,Tank Storage,Load/Discharge,Liquid Bulk,Can never by a dry bulk cargo,Apply always,
Shell Convent 2,Terminal,145,168.0,,Aramco Convent,Refinery,Load/Discharge,Liquid Bulk,Can never by a dry bulk cargo,Apply always,
Shell Convent 1,Terminal,84,168.0,,Aramco Convent,Refinery,Load/Discharge,Liquid Bulk,Can never by a dry bulk cargo,Apply always,
MPLX Garyville 5,Terminal,553,140.0,,MPLX Garyville,Refinery,Load/Discharge,Liquid Bulk,Can never by a dry bulk cargo,Apply always,
MPLX Garyville 2,Terminal,345,140.0,,MPLX Garyville,Refinery,Load/Discharge,Liquid Bulk,Can never by a dry bulk cargo,Apply always,
MPLX Garyville 1,Terminal,309,140.0,,MPLX Garyville,Refinery,Load/Discharge,Liquid Bulk,Can never by a dry bulk cargo,Apply always,
Marathon 5,Terminal,649,140.0,,MPLX Garyville,Refinery,Load/Discharge,Liquid Bulk,Can never by a dry bulk cargo,Apply always,
Marathon 2,Terminal,340,140.0,,MPLX Garyville,Refinery,Load/Discharge,Liquid Bulk,Can never by a dry bulk cargo,Apply always,
Marathon 1,Terminal,301,140.0,,MPLX Garyville,Refinery,Load/Discharge,Liquid Bulk,Can never by a dry bulk cargo,Apply always,
Valero Meraux,Terminal,869,87.0,,Same as raw zone,Refinery,Load/Discharge,Liquid Bulk,Can never by a dry bulk cargo,Apply always,
PBF Chalmette,Terminal,1431,89.0,,Same as raw zone,Refinery,Load/Discharge,Liquid Bulk,Can never by a dry bulk cargo,Apply always,
Exxon Baton Rouge,Terminal,2165,232.0,,Same as raw zone,Refinery,Load/Discharge,Liquid Bulk,Can never by a dry bulk cargo,Apply always,
Shell Norco 4,Terminal,8,126.0,,Shell Norco,Refinery,Load/Discharge,Liquid Bulk,Can never by a dry bulk cargo,Apply always,
Shell Norco 2,Terminal,333,126.0,,Shell Norco,Refinery,Load/Discharge,Liquid Bulk,Can never by a dry bulk cargo,Apply always,
Shell Norco 1,Terminal,643,126.0,,Shell Norco,Refinery,Load/Discharge,Liquid Bulk,Can never by a dry bulk cargo,Apply always,
Valero St Charles 5,Terminal,895,125.0,,Valero St Charles,Refinery,Load/Discharge,Liquid Bulk,Can never by a dry bulk cargo,Apply always,
Valero St Charles 4,Terminal,1492,125.0,,Valero St Charles,Refinery,Load/Discharge,Liquid Bulk,Can never by a dry bulk cargo,Apply always,
Valero St Charles 3,Terminal,323,125.0,,Valero St Charles,Refinery,Load/Discharge,Liquid Bulk,Can never by a dry bulk cargo,Apply always,
Valero St Charles 2,Terminal,466,125.0,,Valero St Charles,Refinery,Load/Discharge,Liquid Bulk,Can never by a dry bulk cargo,Apply always,
SWP Cross,Cross In,40617,-20.0,SWP Cross In,Same as raw zone,Pilot Station,,,,,
SWP Cross,Cross Out,40632,-19.0,SWP Cross Out,Same as raw zone,Pilot Station,,,,,
Myrtle Grove Marine,Terminal,877,57.0,,MGMT,Mid-Stream,Load,Grain,Can never be a liquid cargo,Apply always,
Mrytle Grove Marine Terminal,Terminal,69,57.0,,MGMT,Mid-Stream,Load,Grain,Can never be a liquid cargo,Apply always,
ADM Destrehan Buoys Upper,Terminal,662,121.0,,ARTCO Destrehan Buoys,Mid-Stream,Load,Grain,Can never be a liquid cargo,Apply always,
ADM Destrehan Buoys Lower,Terminal,807,121.0,,ARTCO Destrehan Buoys,Mid-Stream,Load,Grain,Can never be a liquid cargo,Apply always,
Burnside Buoys,Terminal,100,169.0,,ABT Buoys,Mid-Stream,,,Can never be a liquid cargo,,
ADM 111 Buoys,Terminal,300,110.0,,ARTCO Buoys,Mid-Stream,,,Can never be a liquid cargo,,
ADM 110-4 Buoys,Terminal,76,110.0,,ARTCO Buoys,Mid-Stream,,,Can never be a liquid cargo,,
ADM 110-3 Buoys,Terminal,131,110.0,,ARTCO Buoys,Mid-Stream,,,Can never be a liquid cargo,,
ADM 110-2 Buoys,Terminal,142,110.0,,ARTCO Buoys,Mid-Stream,,,Can never be a liquid cargo,,
ADM 110 Buoys,Terminal,299,110.0,,ARTCO Buoys,Mid-Stream,,,Can never be a liquid cargo,,
ADM 110-1 Buoys,Terminal,143,111.0,,ARTCO Buoys,Mid-Stream,,,Can never be a liquid cargo,,
Arabi Terminal,Terminal,877,91.0,,AST Arabi Dolphins,Mid-Stream,,,Can never be a liquid cargo,,
Chalmette Buoys,Terminal,1300,90.0,,AST Chalmette Buoys,Mid-Stream,,,Can never be a liquid cargo,,
140.5 Buoys,Terminal,11,141.0,,AST Gramercy Buoys,Mid-Stream,,,Can never be a liquid cargo,,
140 Buoys,Terminal,133,141.0,,AST Gramercy Buoys,Mid-Stream,,,Can never be a liquid cargo,,
Meraux Buoys Lower,Terminal,989,86.0,,AST Meraux Buoys,Mid-Stream,,,Can never be a liquid cargo,,
Meraux Buoys Upper,Terminal,989,87.0,,AST Meraux Buoys,Mid-Stream,,,Can never be a liquid cargo,,
158 Buoys Middle,Terminal,641,158.0,,AST St James,Mid-Stream,,,Can never be a liquid cargo,,
158 Buoys Lower,Terminal,673,158.0,,AST St James,Mid-Stream,,,Can never be a liquid cargo,,
158 Buoys Upper,Terminal,585,159.0,,AST St James,Mid-Stream,,,Can never be a liquid cargo,,
172 Buoys,Terminal,2,172.0,,Cooper Darrow,Mid-Stream,,,Can never be a liquid cargo,,
171 Buoys,Terminal,13,172.0,,Cooper Darrow,Mid-Stream,,,Can never be a liquid cargo,,
175 Buoys,Terminal,1063,175.0,,Cooper Darrow,Mid-Stream,,,Can never be a liquid cargo,,
180 Buoys,Terminal,383,180.0,,Cooper Darrow,Mid-Stream,,,Can never be a liquid cargo,,
179 Buoys,Terminal,1010,180.0,,Cooper Darrow,Mid-Stream,,,Can never be a liquid cargo,,
Dockside Buoys Upper,Terminal,287,72.0,,Cooper Dockside,Mid-Stream,,,Can never be a liquid cargo,,
Dockside Buoys Lower,Terminal,558,72.0,,Cooper Dockside,Mid-Stream,,,Can never be a liquid cargo,,
110 Buoys,Terminal,678,110.0,,Mile 110 Buoys,Mid-Stream,,,Can never be a liquid cargo,,
111 Buoys,Terminal,17,111.0,,Mile 111 Buoys,Mid-Stream,,,Can never be a liquid cargo,,
CGB 111 Buoys,Terminal,2,112.0,,Mile 111 Buoys,Mid-Stream,,,Can never be a liquid cargo,,
112 Buoys,Terminal,57,112.0,,Mile 112 Buoys,Mid-Stream,,,Can never be a liquid cargo,,
134 Buoys,Terminal,5071,134.0,,Reserve Buoys,Mid-Stream,,,Can never be a liquid cargo,,
133 Buoys,Terminal,3089,134.0,,Reserve Buoys,Mid-Stream,,,Can never be a liquid cargo,,
136 Buoys,Terminal,1043,136.0,,Reserve Buoys,Mid-Stream,,,Can never be a liquid cargo,,
136.7 Buoys,Terminal,1161,137.0,,Reserve Buoys,Mid-Stream,,,Can never be a liquid cargo,,
137.5 Buoys,Terminal,415,138.0,,Reserve Buoys,Mid-Stream,,,Can never be a liquid cargo,,
Vulcan St Rose,Terminal,232,116.0,,Vulcan St Rose Mooring,Mid-Stream,,,Can never be a liquid cargo,,
Waggaman Buoys,Terminal,335,111.0,,Waggaman Buoys,Mid-Stream,,,Can never be a liquid cargo,,
Zito HPL Buoys,Terminal,28,106.0,,Zito Buoys,Mid-Stream,,,Can never be a liquid cargo,,
Venture Global,Terminal,352,55.0,,Same as raw zone,LNG,Load,LNG,Can never be a liquid or dry cargo,Apply always,
Violet Dock 5,Terminal,75,83.0,,LIT Violet,General Cargo,Layberth,None,No cargo ever takes place,Apply always,
Violet Dock 4,Terminal,28,83.0,,LIT Violet,General Cargo,Layberth,None,No cargo ever takes place,Apply always,
Violet Dock 3,Terminal,9,83.0,,LIT Violet,General Cargo,Layberth,None,No cargo ever takes place,Apply always,
Violet Dock 2,Terminal,124,83.0,,LIT Violet,General Cargo,Layberth,None,No cargo ever takes place,Apply always,
Violet Dock 1,Terminal,42,84.0,,LIT Violet,General Cargo,Layberth,None,No cargo ever takes place,Apply always,
Buck Kreihs,Terminal,286,92.0,,Same as raw zone,General Cargo,Layberth,None,No cargo ever takes place,Apply always,
Andry St,Terminal,25,92.0,,Same as raw zone,General Cargo,Layberth,None,No cargo ever takes place,Apply always,
Alabo St,Terminal,1247,92.0,,Same as raw zone,General Cargo,Layberth,None,No cargo ever takes place,Apply always,
Poland St,Terminal,306,93.0,,Same as raw zone,General Cargo,Layberth,None,No cargo ever takes place,Apply always,
Mandeville St,Terminal,100,94.0,,Same as raw zone,General Cargo,Layberth,None,No cargo ever takes place,Apply always,
Gov Nicholls St,Terminal,6,94.0,,Same as raw zone,General Cargo,Layberth,None,No cargo ever takes place,Apply always,
Esplanade Ave,Terminal,27,94.0,,Same as raw zone,General Cargo,Layberth,None,No cargo ever takes place,Apply always,
Perry Street,Terminal,154,96.0,,Same as raw zone,General Cargo,Layberth,None,No cargo ever takes place,Apply always,
Marlex,Terminal,2,99.0,,Same as raw zone,General Cargo,Layberth,None,No cargo ever takes place,Apply always,
Chalmette Slip,Terminal,2362,90.0,,AST Chalmette Slip,General Cargo,,,Can never be a liquid cargo,,
Globalplex,Terminal,494,138.0,,AST Globalplex,General Cargo,,,Can never be a liquid cargo,,
Avondale,Terminal,709,107.0,,Avondale Global Gateway,General Cargo,,,Can never be a liquid cargo,,
Louisiana Ave,Terminal,547,98.0,,Louisiana Ave,General Cargo,,,Can never be a liquid cargo,,
Louisana Ave,Terminal,67,98.0,,Louisiana Ave,General Cargo,,,Can never be a liquid cargo,,
Napoleon Ave,Terminal,331,100.0,,Napoleon Ave,General Cargo,,,Can never be a liquid cargo,,
Napolean Ave,Terminal,60,100.0,,Napoleon Ave,General Cargo,,,Can never be a liquid cargo,,
Nashville Ave A,Terminal,1723,101.0,,Nashville Ave,General Cargo,,,Can never be a liquid cargo,,
Castleton Braithwaite,Terminal,5,76.0,,Port Nickel,General Cargo,,,Can never be a liquid cargo,,
1st Street,Terminal,401,97.0,,Same as raw zone,General Cargo,,,Can never be a liquid cargo,,
Harmony St,Terminal,268,98.0,,Same as raw zone,General Cargo,,,Can never be a liquid cargo,,
7th Street,Terminal,694,98.0,,Same as raw zone,General Cargo,,,Can never be a liquid cargo,,
Nashville Ave B C,Terminal,6522,100.0,,Nashville Ave,General Cargo,,,Can never be a liquid cargo,,
Henry Clay Ave,Terminal,118,101.0,,Same as raw zone,General Cargo,,,Can never be a liquid cargo,,
Baton Rouge General Cargo,Terminal,488,229.0,,Same as raw zone,General Cargo,,,Can never be a liquid cargo,,
Cargill Reserve Lower,Terminal,1374,139.0,,Cargill Reserve,Elevator,Load,Grain,Can never be a liquid cargo,Apply always,
Cargill Reserve Upper,Terminal,1146,140.0,,Cargill Reserve,Elevator,Load,Grain,Can never be a liquid cargo,Apply always,
Cargill Westwego Upper,Terminal,1064,103.0,,Cargill Westwego,Elevator,Load,Grain,Can never be a liquid cargo,Apply always,
Cargill Westwego Lower,Terminal,1159,103.0,,Cargill Westwego,Elevator,Load,Grain,Can never be a liquid cargo,Apply always,
Dreyfuss,Terminal,1169,229.0,,LDC Port Allen,Elevator,Load,Grain,Can never be a liquid cargo,Apply always,
Zen-Noh Upper,Terminal,1009,164.0,,Zen-Noh,Elevator,Load,Grain,Can never be a liquid cargo,Apply always,
Zen-Noh Lower,Terminal,2019,164.0,,Zen-Noh,Elevator,Load,Grain,Can never be a liquid cargo,Apply always,
Zen-Noh Grain,Terminal,2111,164.0,,Zen-Noh,Elevator,Load,Grain,Can never be a liquid cargo,Apply always,
Cenex Harvest States,Terminal,1945,62.0,,CHS Myrtle Grove,Elevator,Load,Grain,Can never be a liquid cargo,Apply always,
ADM AMA,Terminal,2917,117.0,,Same as raw zone,Elevator,Load,Grain,Can never be a liquid cargo,Apply always,
Bunge Destrehan,Terminal,1820,120.0,,Same as raw zone,Elevator,Load,Grain,Can never be a liquid cargo,Apply always,
ADM Destrehan,Terminal,2885,120.0,,Same as raw zone,Elevator,Load,Grain,Can never be a liquid cargo,Apply always,
ADM Reserve,Terminal,1356,139.0,,Same as raw zone,Elevator,Load,Grain,Can never be a liquid cargo,Apply always,
Julia St,Terminal,551,95.0,,Same as raw zone,Cruise,Load/Discharge,Passengers,Can never be a liquid cargo,,
Erato St,Terminal,1674,96.0,,Same as raw zone,Cruise,,,Can never be a liquid cargo,,
CFI Donaldsonville 106,Terminal,513,173.0,,CFI Donaldsonville,Chemical Plant,Load/Discharge,,Can be either liquid or dry cargo,,
CFI Donaldsonville,Terminal,236,173.0,,CFI Donaldsonville,Chemical Plant,Load/Discharge,,Can be either liquid or dry cargo,,
CFI Donaldsonville 101,Terminal,117,174.0,,CFI Donaldsonville,Chemical Plant,Load/Discharge,,Can be either liquid or dry cargo,,
Mosaic Uncle Sam,Terminal,12,160.0,,Same as raw zone,Chemical Plant,Load/Discharge,,Can be either liquid or dry cargo,,
Cornerstone,Terminal,238,114.0,,Cornerstone,Chemical Plant,Load/Discharge,Liquid Bulk,Can never by a dry bulk cargo,Apply always,
Corner Stone,Terminal,22,115.0,,Cornerstone,Chemical Plant,Load/Discharge,Liquid Bulk,Can never by a dry bulk cargo,Apply always,
Dow Taft,Terminal,685,128.0,,Same as raw zone,Chemical Plant,Load/Discharge,Liquid Bulk,Can never by a dry bulk cargo,Apply always,
Occidental Taft,Terminal,497,129.0,,Same as raw zone,Chemical Plant,Load/Discharge,Liquid Bulk,Can never by a dry bulk cargo,Apply always,
Occidental Convent,Terminal,110,161.0,,Same as raw zone,Chemical Plant,Load/Discharge,Liquid Bulk,Can never by a dry bulk cargo,Apply always,
IMC Faustina,Terminal,201,167.0,,Same as raw zone,Chemical Plant,Load/Discharge,Liquid Bulk,Can never by a dry bulk cargo,Apply always,
Americas Styrenics,Terminal,765,167.0,,Same as raw zone,Chemical Plant,Load/Discharge,Liquid Bulk,Can never by a dry bulk cargo,Apply always,
Shell Geismar,Terminal,965,183.0,,Same as raw zone,Chemical Plant,Load/Discharge,Liquid Bulk,Can never by a dry bulk cargo,Apply always,
Baker Hughes,Terminal,395,184.0,,Same as raw zone,Chemical Plant,Load/Discharge,Liquid Bulk,Can never by a dry bulk cargo,Apply always,
PCS Nitrogen,Terminal,626,187.0,,Same as raw zone,Chemical Plant,Load/Discharge,Liquid Bulk,Can never by a dry bulk cargo,Apply always,
Total Carville,Terminal,507,188.0,,Same as raw zone,Chemical Plant,Load/Discharge,Liquid Bulk,Can never by a dry bulk cargo,Apply always,
Shintech,Terminal,542,205.0,,Same as raw zone,Chemical Plant,Load/Discharge,Liquid Bulk,Can never by a dry bulk cargo,Apply always,
Axiall Plaquemine,Terminal,182,205.0,,Same as raw zone,Chemical Plant,Load/Discharge,Liquid Bulk,Can never by a dry bulk cargo,Apply always,
Dow Missouri,Terminal,620,210.0,,Same as raw zone,Chemical Plant,Load/Discharge,Liquid Bulk,Can never by a dry bulk cargo,Apply always,
Dow Plaquemine,Terminal,80,222.0,,Same as raw zone,Chemical Plant,Load/Discharge,Liquid Bulk,Can never by a dry bulk cargo,Apply always,
Domnio Sugar,Terminal,2,91.0,,AMSTAR,Bulk Cargo,Discharge,Sugar,Can never be a liquid cargo,Apply always,
Domino Sugar,Terminal,76,91.0,,AMSTAR,Bulk Cargo,Discharge,Sugar,Can never be a liquid cargo,Apply always,
Chalmette Terminal,Terminal,242,89.0,,CII Rain Chalmette,Bulk Cargo,Discharge,Petcoke,Can never be a liquid cargo,Apply always,
Calciner Industries,Terminal,271,146.0,,CII Rain Gramercy,Bulk Cargo,Discharge,Petcoke,Can never be a liquid cargo,Apply always,
Vulcan Westwego,Terminal,48,103.0,,Same as raw zone,Bulk Cargo,Discharge,Aggregates,Can never be a liquid cargo,Apply always,
Noranda Alumina,Terminal,780,145.0,,Same as raw zone,Bulk Cargo,Discharge,Bauxite,Can never be a liquid cargo,Apply always,
Louisiana Sugar Refining,Terminal,6,146.0,,Same as raw zone,Bulk Cargo,Discharge,Sugar,Can never be a liquid cargo,Apply always,
Nucor Steel,Terminal,595,163.0,,Same as raw zone,Bulk Cargo,Discharge,Iron Ore,Can never be a liquid cargo,Apply always,
Yara Fertilizer,Terminal,32,167.0,,Same as raw zone,Bulk Cargo,Discharge,Fertilizer,Can never be a liquid cargo,Apply always,
Burnside Terminal,Terminal,799,170.0,,ABT Burnside,Bulk Cargo,Load,Coal/Petcoke,Can never be a liquid cargo,Apply always,
Drax Biomass,Terminal,810,229.0,,DRAX,Bulk Cargo,Load,Biomass,Can never be a liquid cargo,Apply always,
IMT Coal Ship Dock,Terminal,30,57.0,,KM IMT Myrtle Grove,Bulk Cargo,Load,Coal/Petcoke,Can never be a liquid cargo,Apply always,
IMT Coal,Terminal,703,57.0,,KM IMT Myrtle Grove,Bulk Cargo,Load,Coal/Petcoke,Can never be a liquid cargo,Apply always,
United Bulk Terminal,Terminal,101,55.0,,UBT Davant,Bulk Cargo,Load,Coal/Petcoke,Can never be a liquid cargo,Apply always,
United Bulk,Terminal,1616,55.0,,UBT Davant,Bulk Cargo,Load,Coal/Petcoke,Can never be a liquid cargo,Apply always,
Convent Marine Terminal,Terminal,1648,161.0,,Same as raw zone,Bulk Cargo,Load,Coal/Petcoke,Can never be a liquid cargo,Apply always,
SWP Anch,Anchor,14513,-19.0,Same as raw,Same as raw zone,Anchorage,,,,,
Pilottown Anch,Anchor,2523,1.0,Same as raw,Same as raw zone,Anchorage,,,,,
Lwr Venice Anch,Anchor,35,9.0,Same as raw,Same as raw zone,Anchorage,,,,,
Upr Venice Anch,Anchor,115,10.0,Same as raw,Same as raw zone,Anchorage,,,,,
Boothville Anch,Anchor,3003,13.0,Same as raw,Same as raw zone,Anchorage,,,,,
Ostrica Anch,Anchor,71,24.0,Same as raw,Same as raw zone,Anchorage,,,,,
Port Sulphur Anch,Anchor,60,40.0,Same as raw,Same as raw zone,Anchorage,,,,,
Pt Michelle Anch,Anchor,533,42.0,Same as raw,Same as raw zone,Anchorage,,,,,
Magnolia Anch,Anchor,4042,48.0,Same as raw,Same as raw zone,Anchorage,,,,,
Pt Celeste Anch,Anchor,3293,52.0,Same as raw,Same as raw zone,Anchorage,,,,,
Davant Anch,Anchor,3365,53.0,Same as raw,Same as raw zone,Anchorage,,,,,
Phoenix Anch,Anchor,61,58.0,Same as raw,Same as raw zone,Anchorage,,,,,
La Grange Anch,Anchor,2741,66.0,Same as raw,Same as raw zone,Anchorage,,,,,
Wills Pt Anch,Anchor,204,67.0,Same as raw,Same as raw zone,Anchorage,,,,,
Dockside Anch,Anchor,4959,71.0,Same as raw,Same as raw zone,Anchorage,,,,,
Belle Chasse Anch,Anchor,7879,75.0,Same as raw,Same as raw zone,Anchorage,,,,,
12 Mile Anch,Anchor,9619,81.0,Same as raw,Same as raw zone,Anchorage,,,,,
9 Mile Anch,Anchor,9495,85.0,Same as raw,Same as raw zone,Anchorage,,,,,
General Anch,Anchor,5376,90.0,Same as raw,Same as raw zone,Anchorage,,,,,
Emergency Anch,Anchor,1525,90.0,Same as raw,Same as raw zone,Anchorage,,,,,
Quarantine Anch,Anchor,1198,91.0,Same as raw,Same as raw zone,Anchorage,,,,,
Lwr Kenner Bend Anch,Anchor,7328,114.0,Same as raw,Same as raw zone,Anchorage,,,,,
Upr Kenner Bend Anch,Anchor,4685,115.0,Same as raw,Same as raw zone,Anchorage,,,,,
AMA Anch,Anchor,7159,117.0,Same as raw,Same as raw zone,Anchorage,,,,,
Bonnet Carre Anch,Anchor,3926,128.0,Same as raw,Same as raw zone,Anchorage,,,,,
Laplace Anch,Anchor,3692,135.0,Same as raw,Same as raw zone,Anchorage,,,,,
Reserve Anch,Anchor,536,137.0,Same as raw,Same as raw zone,Anchorage,,,,,
Grandview Mid Anch,Anchor,2007,147.0,Same as raw,Same as raw zone,Anchorage,,,,,
Grandview Lwr Anch,Anchor,1052,147.0,Same as raw,Same as raw zone,Anchorage,,,,,
Grandview Upr Anch,Anchor,2846,148.0,Same as raw,Same as raw zone,Anchorage,,,,,
Belmont Anch,Anchor,2697,153.0,Same as raw,Same as raw zone,Anchorage,,,,,
Burnside Anch,Anchor,5556,166.0,Same as raw,Same as raw zone,Anchorage,,,,,
White Castle Anch,Anchor,1477,191.0,Same as raw,Same as raw zone,Anchorage,,,,,
Plaquemine Pt Anch,Anchor,1125,204.0,Same as raw,Same as raw zone,Anchorage,,,,,
Baton Rouge Gen Anch,Anchor,1233,227.0,Same as raw,Same as raw zone,Anchorage,,,,,
Meal Anch,Anchor,968,229.0,Same as raw,Same as raw zone,Anchorage,,,,,
Baton Rouge Mid Anch,Anchor,2,230.0,Same as raw,Same as raw zone,Anchorage,,,,,